{
  "per_dim_median": [
    -0.2760069966316223,
    -0.09739100188016891,
    0.10635700076818466,
    0.18891599774360657,
    0.12141899764537811,
    0.37056100368499756,
    -2.5303471088409424,
    -2.498595952987671,
    -2.4525139331817627,
    -2.4399991035461426,
    -2.44118595123291,
    -0.6430680155754089,
    -0.8318459987640381,
    -0.9053469896316528,
    -0.7064430117607117,
    -0.36387699842453003,
    -0.4470759928226471,
    -0.4790000021457672,
    -2.744178056716919,
    -2.5971360206604004,
    -2.697964906692505,
    -2.6580989360809326,
    -2.1403589248657227,
    -1.9677850008010864,
    -1.3482780456542969,
    -2.504939079284668,
    -1.2420480251312256,
    -1.3671540021896362,
    -1.1310850381851196,
    -1.3399909734725952,
    -1.8466490507125854,
    -1.5852910280227661,
    -1.4041210412979126,
    -1.1751539707183838,
    -1.40420401096344,
    -1.2342000007629395,
    -1.4098570346832275,
    -1.328037977218628,
    -0.1549530029296875,
    -0.18211500346660614,
    0.3494560122489929,
    0.29439300298690796,
    0.29171499609947205,
    0.30929800868034363,
    0.3443959951400757,
    0.33793801069259644,
    0.3330090045928955,
    -0.5971680283546448,
    -0.4522640109062195,
    -0.31615200638771057,
    -0.4742960035800934,
    -0.02983899973332882,
    0.03422899916768074,
    0.2596920132637024,
    0.027865000069141388,
    0.2571460008621216,
    0.20460200309753418,
    0.2960360050201416,
    0.27674099802970886,
    0.18666300177574158,
    0.22366900742053986,
    0.28692901134490967,
    0.27678000926971436,
    0.2967720031738281,
    0.2824620008468628,
    0.2532149851322174,
    0.29881399869918823,
    -2.844572067260742,
    -2.8120059967041016,
    -2.4421050548553467,
    -2.73603892326355,
    -2.7014119625091553,
    -2.8554270267486572,
    -2.61647891998291,
    -2.506342887878418,
    -2.8420660495758057,
    -2.909503936767578,
    -2.877074956893921,
    -2.8765370845794678,
    -2.831955909729004,
    -2.8195369243621826,
    -2.8031160831451416,
    -2.059778928756714,
    -2.7573509216308594,
    -2.727200984954834,
    -2.808713912963867,
    -2.6275980472564697,
    -2.713021993637085,
    -2.6965548992156982,
    -2.577878952026367,
    -2.801069974899292,
    -2.7924299240112305,
    -2.770622968673706,
    -2.7209889888763428,
    -2.7059459686279297,
    -2.7454569339752197
  ],
  "per_dim_max": [
    63.86567687988281,
    13.311304092407227,
    29.594146728515625,
    20.774065017700195,
    10.320066452026367,
    11.555511474609375,
    1373.3841552734375,
    1949.461669921875,
    1717.682861328125,
    452.63897705078125,
    717.2874145507812,
    48.55118179321289,
    35.223609924316406,
    38.38536071777344,
    35.10721969604492,
    29.29829978942871,
    23.644968032836914,
    24.247554779052734,
    1052.28515625,
    1313.7154541015625,
    813.156982421875,
    1219.2337646484375,
    434.219482421875,
    219.69570922851562,
    113.75120544433594,
    788.7728881835938,
    259.8165588378906,
    223.58267211914062,
    81.44027709960938,
    77.7696304321289,
    291.0975646972656,
    198.15606689453125,
    114.36039733886719,
    100.28700256347656,
    160.73898315429688,
    100.22848510742188,
    128.2734375,
    75.07093811035156,
    10.360359191894531,
    15.441476821899414,
    8.270790100097656,
    10.261783599853516,
    10.965723037719727,
    18.603836059570312,
    17.426939010620117,
    32.03655242919922,
    5.251099109649658,
    35.00825500488281,
    37.94853973388672,
    11.482339859008789,
    18.042905807495117,
    26.34263801574707,
    36.864376068115234,
    5.993634223937988,
    7.685579776763916,
    46.963356018066406,
    24.471534729003906,
    8.10155200958252,
    5.049120903015137,
    17.608539581298828,
    5.1320672035217285,
    5.795787811279297,
    5.978240013122559,
    8.465217590332031,
    4.610634803771973,
    5.996178150177002,
    5.264304161071777,
    1081.4154052734375,
    1908.4283447265625,
    792.1492309570312,
    1493.4537353515625,
    1044.1368408203125,
    938.1790161132812,
    1060.5506591796875,
    809.3811645507812,
    1629.1270751953125,
    1209.054443359375,
    1097.584228515625,
    957.290283203125,
    968.2217407226562,
    1134.031982421875,
    878.5228881835938,
    1039.9176025390625,
    1219.6226806640625,
    1017.76171875,
    1019.7736206054688,
    813.6823120117188,
    922.0642700195312,
    1427.298583984375,
    805.6820678710938,
    1015.0980224609375,
    1390.595458984375,
    854.4569091796875,
    1309.5150146484375,
    983.0242309570312,
    772.747314453125
  ],
  "per_dim_thresh": [
    192.1490478515625,
    40.128692626953125,
    88.5697250366211,
    61.944366455078125,
    30.717361450195312,
    33.9254150390625,
    4125.21337890625,
    5853.3818359375,
    5157.95361328125,
    1362.796875,
    2156.74462890625,
    146.93968200683594,
    107.33451843261719,
    116.9667739868164,
    106.73454284667969,
    88.62265014648438,
    71.82905578613281,
    73.70066833496094,
    3162.34375,
    3946.3408203125,
    2444.86669921875,
    3663.017578125,
    1306.939208984375,
    663.022705078125,
    343.9501953125,
    2371.32861328125,
    781.9337158203125,
    673.4822998046875,
    246.5830078125,
    235.98886108398438,
    876.9859619140625,
    597.6387939453125,
    345.8894348144531,
    303.2113037109375,
    485.0253601074219,
    303.15386962890625,
    387.6400146484375,
    227.868896484375,
    31.39098358154297,
    46.68865966796875,
    24.11345863342285,
    30.196565628051758,
    32.31373977661133,
    55.19291305541992,
    51.59202575683594,
    95.43377685546875,
    15.087278366088867,
    106.21910095214844,
    114.7501449584961,
    35.079322814941406,
    55.077308654785156,
    79.08759307861328,
    110.52467346191406,
    17.461517333984375,
    23.001008987426758,
    140.3757781982422,
    73.00540161132812,
    23.71258544921875,
    14.593880653381348,
    52.452293395996094,
    14.948863983154297,
    16.813505172729492,
    17.381160736083984,
    24.802108764648438,
    13.266980171203613,
    17.482105255126953,
    15.195284843444824,
    3249.935546875,
    5730.9091796875,
    2381.331787109375,
    4485.83349609375,
    3137.8134765625,
    2820.247802734375,
    3186.884765625,
    2433.15625,
    4893.0654296875,
    3632.982421875,
    3298.5068359375,
    2877.6240234375,
    2910.3291015625,
    3407.735107421875,
    2641.1748046875,
    3123.87255859375,
    3664.3828125,
    3058.739501953125,
    3064.938232421875,
    2446.30224609375,
    2771.618896484375,
    4287.2890625,
    2422.201904296875,
    3050.896240234375,
    4177.37109375,
    2568.912109375,
    3933.98681640625,
    2954.484619140625,
    2323.73291015625
  ],
  "mean_max": 175.3707733154297,
  "mean_std": 1.7523405930263913,
  "mean_thresh": 180.62779509450885,